SNP	CHR	POS	LOCUS	EFFECT_ALLELE	OTHER_ALLELE	BETA	SNP_PROXY	EFFECT_ALLELE_PROXY	OTHER_ALLELE_PROXY	R2	D_PRIME	NOTE	USE	PROXY_COR_ALLELES	STUDY_ALLELE_B
rs10203174	2	43543534	THADA	C	T	0.1043600153	rs10203174	C	T	NA	NA	NA	1	NA	NA
rs10278336	7	44211888	GCK	A	G	0.0198026273	rs10278336	A	G	NA	NA	NA	1	NA	NA
rs10401969	19	19268718	CILP2	C	T	0.0676586485	rs10401969	C	T	NA	NA	NA	1	NA	NA
rs10811661	9	22124094	CDKN2A/B	T	C	0.1906203596	rs10811661	T	C	NA	NA	NA	1	NA	NA
rs10830963	11	92348358	MTNR1B	G	C	0.0861776962	rs10830963	G	C	NA	NA	NA	1	NA	NA
rs10842994	12	27856417	KLHDC5	C	T	0.0769610411	rs10842994	C	T	NA	NA	NA	1	NA	NA
rs10886471	10	121139393	GRK5	C	T	0.0099503309	rs10886471	C	T	NA	NA	NA	1	NA	NA
rs10923931	1	120319482	NOTCH2	T	G	0.0487901642	rs2793829	T	C	1	1		1	G=C,T=T	T
rs11063069	12	4244634	CCND2	G	A	0.0769610411	rs11063069	G	A	NA	NA	NA	1	NA	NA
rs1111875	10	94452862	HHEX/IDE	C	T	0.1133286853	rs1111875	C	T	NA	NA	NA	1	NA	NA
rs11257655	10	12347900	CDC123	T	C	0.0953101798	rs11257655	T	C	NA	NA	NA	1	NA	NA
rs11634397	15	78219277	ZFAND6	G	A	0.0676586485	rs11634397	G	A	NA	NA	NA	1	NA	NA
rs11717195	3	124565088	ADCY5	T	C	0.0953101798	rs11717195	T	C	NA	NA	NA	1	NA	NA
rs12427353	12	119911284	HNF1A	G	C	0.1043600153	rs12427353	G	C	NA	NA	NA	1	NA	NA
rs12571751	10	80612637	ZMIZ1	A	G	0.0861776962	rs12571751	A	G	NA	NA	NA	1	NA	NA
rs12899811	15	89345080	PRC1	G	A	0.0769610411	rs12899811	G	A	NA	NA	NA	1	NA	NA
rs12970134	18	56035730	MC4R	A	G	0.0769610411	rs12970134	A	G	NA	NA	NA	1	NA	NA
rs13233731	7	130088229	KLF14	G	A	0.0392207132	rs13233731	G	A	NA	NA	NO_REL_PROXY_FOUND	0	NA	NA
rs1359790	13	79615157	SPRY2	G	A	0.0676586485	rs1359790	G	A	NA	NA	NA	1	NA	NA
rs1535500	6	39392028	KCNK16	T	G	0.0861776962	rs1535500	T	G	NA	NA	NA	1	NA	NA
rs1552224	11	72110746	ARAP1/STARD10/CENTD2	A	C	0.0953101798	rs1552224	A	C	NA	NA	NA	1	NA	NA
rs163184	11	2803645	KCNQ1	G	T	0.1043600153	rs163184	G	T	NA	NA	NA	1	NA	NA
rs16861329	3	188149155	ST64GAL1	C	T	0.0861776962	rs16861329	C	T	NA	NA	NA	1	NA	NA
rs17106184	1	50682573	FAF1	G	A	0.1043600153	rs17106184	G	A	NA	NA	NA	1	NA	NA
rs17168486	7	14864807	DGKB	T	C	0.0769610411	rs17168486	T	C	NA	NA	NA	1	NA	NA
rs1727313	12	122206806	MPHOSPH9	G	C	0.0769610411	rs1727313	G	C	NA	NA	NA	1	NA	NA
rs17584499	9	8869118	PTPRD	T	C	0.0099503309	rs17584499	T	C	NA	NA	NA	1	NA	NA
rs17791513	9	81095410	TLE4	A	G	0.1310282624	rs17791513	A	G	NA	NA	NA	1	NA	NA
rs1801282	3	12368125	PPARG	C	G	0.1310282624	rs1801282	C	G	NA	NA	NA	1	NA	NA
rs1802295	10	70601480	VPS26A	T	C	0.0487901642	rs1802295	T	C	NA	NA	NA	1	NA	NA
rs2028299	15	88175261	AP3S2	C	A	0.0676586485	rs2028299	C	A	NA	NA	NA	1	NA	NA
rs2075423	1	212221342	PROX1	G	T	0.0676586485	rs2075423	G	T	NA	NA	NA	1	NA	NA
rs2261181	12	64498585	HMGA2	T	C	0.1043600153	rs2261181	T	C	NA	NA	NA	1	NA	NA
rs2334499	11	1653425	DUSP8/HCCA2	T	C	0.0487901642	rs2334499	T	C	NA	NA	NA	1	NA	NA
rs243088	2	60422249	BCL11A	T	A	0.0582689081	rs243088	T	A	NA	NA	NA	1	NA	NA
rs2796441	9	83498768	TLE1	G	A	0.0676586485	rs2796441	G	A	NA	NA	NA	1	NA	NA
rs2943640	2	226801829	IRS1	C	A	0.0861776962	rs2943640	C	A	NA	NA	NA	1	NA	NA
rs3132524	6	31244693	POU5F1/TCF19	T	C	-0.0676586485	rs3132528	T	C	1	1	BETA_SNPALLELE_FLIPPED	1	T=C,C=T	T
rs3786897	19	38584848	PEPD	A	G	0.0487901642	rs3786897	A	G	NA	NA	NA	1	NA	NA
rs3802177	8	118254206	SLC30A8	G	A	0.1310282624	rs3802177	G	A	NA	NA	NA	1	NA	NA
rs391300	17	2163008	SRR	C	T	0.0099503309	rs391300	C	T	NA	NA	NA	1	NA	NA
rs3923113	2	165210095	GRB14/COBLL1	A	C	0.0769610411	rs3923113	A	C	NA	NA	NA	1	NA	NA
rs4402960	3	186994381	IGF2BP2	T	G	0.1133286853	rs4402960	T	G	NA	NA	NA	1	NA	NA
rs4430796	17	33172153	HNF1B	G	A	0.0953101798	rs4430796	G	A	NA	NA	NA	1	NA	NA
rs4458523	4	6340887	WFS1	G	T	0.0861776962	rs4458523	G	T	NA	NA	NA	1	NA	NA
rs459193	5	55842508	ANKRD55/MAP3K1	G	A	0.0487901642	rs459193	G	A	NA	NA	NA	1	NA	NA
rs4812829	20	42422681	HNF4A	A	G	0.0861776962	rs4812829	A	G	NA	NA	NA	1	NA	NA
rs516946	8	41638405	ANK1	C	T	0.0769610411	rs516946	C	T	NA	NA	NA	1	NA	NA
rs5215	11	17365206	KCNJ11	C	T	0.0861776962	rs5215	C	T	NA	NA	NA	1	NA	NA
rs6467136	7	126952194	GCC1	G	A	0.0198026273	rs6467136	G	A	NA	NA	NA	1	NA	NA
rs6723108	2	135196450	TMEM163	T	G	0.0198026273	rs6723108	T	G	NA	NA	NA	1	NA	NA
rs6795735	3	64680405	ADAMTS9	C	T	0.0487901642	rs6795735	C	T	NA	NA	NA	1	NA	NA
rs6808574	3	189223217	LPP	C	T	0.0769610411	rs6808574	C	T	NA	NA	NA	1	NA	NA
rs6813195	4	153739925	TMEM154	C	T	0.0769610411	rs6813195	C	T	NA	NA	NA	1	NA	NA
rs6815464	4	1299901	MAEA	C	G	0.0953101798	rs6815464	C	G	NA	NA	NA	1	NA	NA
rs6878122	5	76463067	ZBED3	G	A	0.0769610411	rs6878122	G	A	NA	NA	NA	1	NA	NA
rs702634	5	53307177	ARL15	A	G	0.0769610411	rs702634	A	G	NA	NA	NA	1	NA	NA
rs7041847	9	4277466	GLIS3	A	G	0.0582689081	rs7041847	A	G	NA	NA	NA	1	NA	NA
rs7163757	15	60178900	VPS13C/C2CD4A/B	C	T	0.0676586485	rs7163757	C	T	NA	NA	NA	1	NA	NA
rs7178572	15	75534245	HMG20A	G	A	0.0861776962	rs7178572	G	A	NA	NA	NA	1	NA	NA
rs7202877	16	73804746	BCAR1	T	G	0.0769610411	rs7202877	T	G	NA	NA	NA	1	NA	NA
rs7403531	15	36610197	RASGRP1	C	T	-0.0198026273	rs7403531_2	C	T	NA	NA	USE_SUFFIX_2_FLIPBETA	1	NA	NA
rs7560163	2	151346182	RND3	C	G	0.0487901642	rs7560163	C	G	NA	NA	NO_REL_PROXY_FOUND	0	NA	NA
rs7593730	2	160879700	RBMS1	C	T	0.0582689081	rs7593730	C	T	NA	NA	NA	1	NA	NA
rs7612463	3	23311454	UBE2E2	C	A	0.0953101798	rs7612463	C	A	NA	NA	NA	1	NA	NA
rs7756992	6	20787688	CDKAL1	G	A	0.1397619424	rs7756992	G	A	NA	NA	NA	1	NA	NA
rs780094	2	27594741	GCKR	C	T	0.0582689081	rs780094	C	T	NA	NA	NA	1	NA	NA
rs7845219	8	96006678	TP53INP1	T	C	0.0676586485	rs7845219	T	C	NA	NA	NA	1	NA	NA
rs7903146	10	114748339	TCF7L2	T	C	0.2851789422	rs7903146	T	C	NA	NA	NA	1	NA	NA
rs7955901	12	69719560	TSPAN8	C	T	0.0392207132	rs7955901	C	T	NA	NA	NA	1	NA	NA
rs8108269	19	50850353	GIPR	G	T	0.0676586485	rs8108269	G	T	NA	NA	NA	1	NA	NA
rs831571	3	64023337	PSMD6	C	T	0.0487901642	rs831571	C	T	NA	NA	NA	1	NA	NA
rs849135	7	28162938	JAZF1	G	A	0.0953101798	rs849135	G	A	NA	NA	NA	1	NA	NA
rs9470794	6	38214822	ZFAND3	C	T	0.0582689081	rs9470794	C	T	NA	NA	NA	1	NA	NA
rs9502570	6	7203616	SSR1/RREB1	C	T	0.0676586485	rs9502570	C	T	NA	NA	NA	1	NA	NA
rs9936385	16	52376670	FTO	C	T	0.1043600153	rs9936385	C	T	NA	NA	NA	1	NA	NA
